asn,name,info_type,info_scope,created
15645,UA-IX Route Servers,Route Server,Regional,2017-08-07T10:16:13Z
3255,UARNet,NSP,Europe,2009-01-05T11:05:16Z
34056,KievNet,Cable/DSL/ISP,Regional,2010-07-05T12:18:58Z
35297,Dataline Net,NSP,Europe,2010-12-10T16:30:55Z
13188,Triolan ISP,Cable/DSL/ISP,Regional,2011-07-28T09:16:30Z
34700,Maxnet Ukraine,Cable/DSL/ISP,Regional,2012-09-28T05:00:33Z
50321,BYTES,Content,Europe,2013-05-11T14:10:54Z
6768,EUROTELE-PLUS,NSP,Regional,2013-05-17T07:15:15Z
43554,TRINITY,Cable/DSL/ISP,Regional,2013-09-19T07:09:24Z
39608,Lanet Network,Cable/DSL/ISP,Regional,2013-10-13T12:37:25Z
47800,Lanet Network AS47800,Cable/DSL/ISP,Regional,2015-12-11T13:24:13Z
49332,Lanet Network AS49332,Cable/DSL/ISP,Regional,2015-12-12T19:07:51Z
44318,Lanet Network AS44318,Cable/DSL/ISP,Regional,2015-12-14T08:30:14Z
16223,Columbus AS16223,Cable/DSL/ISP,Not Disclosed,2019-06-05T13:16:34Z
21488,Emplot Networks,NSP,Regional,2014-10-07T09:48:07Z
58032,"Private Join Stock Company ""FORTUNAT""",Enterprise,Europe,2014-11-10T02:32:22Z
50581,UTG,NSP,Regional,2014-12-16T15:07:33Z
41709,LDS,Cable/DSL/ISP,Europe,2014-12-22T06:03:27Z
15377,Fregat,Cable/DSL/ISP,Europe,2011-12-01T20:06:35Z
62206,Pitline ltd,NSP,Regional,2014-03-31T03:06:47Z
6876,TENET,Cable/DSL/ISP,Europe,2015-09-14T13:33:12Z
59536,RizBykNet,NSP,Regional,2011-02-04T14:39:53Z
50204,LLC Arhat,Cable/DSL/ISP,Regional,2015-12-01T22:55:03Z
31210,DTEL-IX Route Servers,Route Server,Europe,2009-08-06T13:39:44Z
43380,DTEL-IX Public Network,NSP,Not Disclosed,2024-07-03T05:26:52Z
21219,Datagroup PJSC,NSP,Europe,2008-05-26T11:25:26Z
3326,Datagroup,Cable/DSL/ISP,Europe,2017-07-30T04:44:01Z
3236,SERVER.UA,Content,Global,2024-05-08T08:12:41Z
48239,IT-TV,Cable/DSL/ISP,Europe,2016-03-22T20:32:45Z
43139,Maximum-Net,Cable/DSL/ISP,Not Disclosed,2016-04-06T21:04:10Z
28773,Global Technology Ukraine,Cable/DSL/ISP,Regional,2016-04-16T18:16:33Z
197520,UnionCOM,(unset),Europe,2016-09-12T12:30:06Z
41096,TOV TV&Radio Company 'TIM',Cable/DSL/ISP,Europe,2016-09-13T21:17:33Z
34058,lifecell,NSP,Regional,2016-09-16T12:50:09Z
44416,Satellite Net Service,Cable/DSL/ISP,Regional,2016-09-29T18:13:29Z
43656,ПКП Телерадиокомпания Интертелеком,Cable/DSL/ISP,Regional,2016-10-25T15:20:54Z
34251,IMC,Cable/DSL/ISP,Europe,2016-11-12T14:54:53Z
57033,Altair LLC (Pokrovsk),Cable/DSL/ISP,Regional,2016-11-15T09:56:39Z
34092,TVCOM LLC (Mar),Cable/DSL/ISP,Regional,2016-11-15T10:02:54Z
60860,Altair LLC (Kiev),Cable/DSL/ISP,Regional,2016-11-16T08:42:25Z
20714,Merlin-Telekom,Cable/DSL/ISP,Regional,2016-11-15T12:52:35Z
35213,"TOV ""Kompjuternie Merezhi""",NSP,Regional,2016-11-16T08:36:45Z
25386,Inter-Telecom LLC,Cable/DSL/ISP,Regional,2016-12-17T22:21:03Z
31148,Freenet Ltd (tm O3),Cable/DSL/ISP,Europe,2017-01-05T14:03:39Z
196957,Center of Information Technologies Kharkiv Online,Cable/DSL/ISP,Regional,2017-01-19T02:52:57Z
31272,WildPark Co,Cable/DSL/ISP,Europe,2017-01-27T15:14:34Z
21497,Vodafone Ukraine,NSP,Regional,2017-02-06T19:05:29Z
202103,Gigatel,Cable/DSL/ISP,Europe,2017-02-08T15:23:02Z
52191,LOCALKA,Cable/DSL/ISP,Europe,2017-02-11T15:41:14Z
49223,"""Everest"" Broadcasting Company",Cable/DSL/ISP,Regional,2017-02-22T21:18:28Z
15895,Kyivstar,NSP,Europe,2017-03-30T10:53:15Z
50073,Webcraft Found,Content,Europe,2017-04-20T18:28:01Z
39431,ArgoCom Ltd.,Cable/DSL/ISP,Regional,2017-05-10T15:06:20Z
25385,Belcom,Cable/DSL/ISP,Regional,2017-05-12T12:04:13Z
43384,Odessa National Academy of Telecommunications,(unset),Europe,2017-05-23T11:41:12Z
25133,McLaut-Invest,Cable/DSL/ISP,Europe,2017-06-02T00:52:37Z
35614,Therecom,Cable/DSL/ISP,Europe,2017-06-07T10:50:18Z
21500,"Scientific Production Enterprise ""Technaukservice"" Ltd",Cable/DSL/ISP,Europe,2017-06-15T14:58:21Z
31633,Lan-Telecom,Cable/DSL/ISP,Europe,2017-06-15T15:01:50Z
43418,ANTIDOT,(unset),Europe,2017-06-15T18:00:37Z
29203,House Information Technology,Cable/DSL/ISP,Regional,2017-06-15T18:18:07Z
49465,Teleradiocompany RubinTelecom Ltd.,Cable/DSL/ISP,,2017-06-15T18:25:56Z
43320,VKTelekom,Cable/DSL/ISP,Regional,2017-06-15T18:30:34Z
48648,K-Link AS48648,Cable/DSL/ISP,Regional,2017-06-15T19:08:52Z
44006,K-Link AS44006,(unset),Not Disclosed,2021-09-23T08:03:10Z
35362,"Company ""BEST""",Cable/DSL/ISP,Regional,2017-06-16T10:46:14Z
47389,Bisnet,(unset),Not Disclosed,2017-06-16T10:53:53Z
34187,Renome-Service: Joint Multimedia Cable Network,Cable/DSL/ISP,Regional,2017-06-16T11:18:02Z
44600,Gigatrans LTD,NSP,Europe,2017-06-16T19:24:35Z
199995,Omega Telecom,NSP,Europe,2017-07-03T22:04:06Z
6849,Ukrtelecom,NSP,Europe,2017-08-09T11:56:34Z
43668,AS43668 LLC,Cable/DSL/ISP,Regional,2017-08-17T12:26:24Z
6712,FORMAT TV,Cable/DSL/ISP,Regional,2017-09-08T05:21:10Z
44863,STARNET Connect,NSP,Regional,2017-09-13T12:28:29Z
44664,M-TEL,Cable/DSL/ISP,Regional,2017-09-14T12:59:13Z
39902,meshroom.rs,Route Server,Regional,2017-10-13T09:10:30Z
205028,meshroom.apps,Network Services,Regional,2017-12-18T14:48:19Z
62111,dual.systems,Network Services,Europe,2023-02-04T23:11:18Z
34661,Briz,Cable/DSL/ISP,Europe,2017-10-24T07:51:42Z
31725,ISP Shtorm LTD,NSP,Europe,2017-11-16T21:37:45Z
51972,SIM-TELECOM,Cable/DSL/ISP,Regional,2017-12-07T07:16:10Z
39862,DIGICOM,Enterprise,Europe,2017-12-14T11:49:54Z
41119,Objedinenie Group,Cable/DSL/ISP,Regional,2017-12-19T17:19:38Z
41120,IF-IX Route Servers,Route Server,Europe,2017-12-20T19:46:31Z
50579,Suchasni informatsiyni merezhi,Cable/DSL/ISP,Europe,2017-12-20T19:48:19Z
41323,INFOBYTE,Cable/DSL/ISP,Europe,2017-12-24T20:23:29Z
51962,PowerNet Ukraine,Cable/DSL/ISP,Regional,2018-02-02T17:18:50Z
50392,Campus Networks,Cable/DSL/ISP,Regional,2018-02-06T09:20:07Z
51784,X-City,Cable/DSL/ISP,Regional,2018-03-28T08:03:20Z
198754,WebCraft,Content,Europe,2018-04-04T12:38:56Z
41645,WebCraft AS41645,(unset),Not Disclosed,2018-04-04T13:04:02Z
203980,ITLUCKS,Cable/DSL/ISP,Europe,2018-04-11T18:00:27Z
204725,UA VPS,(unset),Global,2018-05-24T11:06:17Z
48919,UACITY,Cable/DSL/ISP,Regional,2018-05-30T13:28:11Z
50115,Lekol,Cable/DSL/ISP,,2018-06-07T07:57:00Z
204875,ISTEC UKRAINE,Cable/DSL/ISP,Europe,2018-06-08T08:28:32Z
6807,Kharkiv Polytechnical Institute,Educational/Research,Not Disclosed,2018-07-13T09:10:51Z
58119,CIB,Content,Regional,2009-11-03T10:45:01Z
48438,Corbina Telecom AS48438,Cable/DSL/ISP,Regional,2018-09-17T12:58:07Z
39399,Fenix VT,NSP,Europe,2018-09-18T13:56:06Z
197901,Okolita Aleksandr Valer'evich,Cable/DSL/ISP,Europe,2018-09-30T14:07:39Z
48641,Syntegra Telecom,Cable/DSL/ISP,Regional,2018-10-12T08:36:40Z
49824,Astra-net,Cable/DSL/ISP,Europe,2018-10-16T19:28:20Z
57498,SMART-M SOLUTIONS,(unset),Europe,2018-10-30T15:10:26Z
51500,Servisnet,NSP,Regional,2018-12-01T09:37:39Z
39748,vDome.Net,Content,Europe,2019-01-09T11:08:38Z
49588,CDC.UA,Cable/DSL/ISP,Regional,2019-01-23T13:42:11Z
35795,VEDEKON,(unset),Regional,2019-02-01T09:24:55Z
8647,IP Port,NSP,Europe,2019-02-23T13:03:28Z
197522,Kalush Information Network,(unset),Regional,2019-03-22T17:24:15Z
44629,PointNet,Enterprise,Regional,2019-04-27T09:17:14Z
50401,LANTRACE,Cable/DSL/ISP,Europe,2019-06-10T17:56:48Z
8779,KhmelnitskInfocom,Cable/DSL/ISP,Regional,2021-12-21T10:52:41Z
56668,Simnet,Cable/DSL/ISP,Regional,2019-07-29T08:50:39Z
41985,Stargroup,Cable/DSL/ISP,Regional,2019-07-29T09:00:41Z
31343,Intertelecom,Enterprise,Regional,2019-08-28T11:26:29Z
51069,Dnepronet,Cable/DSL/ISP,Regional,2019-10-09T17:53:48Z
49706,RV-IX,Route Server,Regional,2022-03-18T11:14:26Z
43309,GiperNet,Cable/DSL/ISP,Regional,2019-11-04T16:05:54Z
49984,Telcom,Cable/DSL/ISP,Europe,2019-11-06T18:20:23Z
39065,SOHONET,Enterprise,Regional,2019-11-20T07:52:30Z
204384,OTT UKRAINE,Content,Europe,2019-12-11T09:48:22Z
209116,WEB PRO LLC,Enterprise,Regional,2019-12-20T10:02:12Z
6846,UKRPACK,(unset),Europe,2020-01-02T08:17:43Z
44668,ZNET,Cable/DSL/ISP,Regional,2020-01-13T07:48:40Z
57883,NITAET,Cable/DSL/ISP,Europe,2020-01-19T22:37:54Z
57999,DataNet ISP,Cable/DSL/ISP,Regional,2020-02-12T08:02:52Z
15461,Science Production Enterprise Solver,Cable/DSL/ISP,Regional,2020-03-02T06:36:00Z
207301,Roman Sartov,Network Services,Europe,2020-03-03T20:27:39Z
196906,WestNetwork AS196906,Cable/DSL/ISP,Regional,2020-03-05T13:40:09Z
61163,WestNetwork AS61163,Cable/DSL/ISP,Regional,2020-03-05T13:55:51Z
42905,Limanet,Cable/DSL/ISP,Europe,2020-03-19T13:06:51Z
12963,Volz,Cable/DSL/ISP,Regional,2020-04-09T17:41:59Z
57422,Pavutina.Net,Cable/DSL/ISP,Regional,2020-04-09T18:19:06Z
200000,Hosting Ukraine,(unset),Not Disclosed,2020-04-21T06:41:25Z
61034,PROTELE,(unset),Not Disclosed,2020-04-25T21:07:04Z
44291,Infomir,Cable/DSL/ISP,Europe,2020-05-03T16:31:27Z
41009,PE Vizit-Service,Cable/DSL/ISP,Regional,2020-05-22T08:59:47Z
211947,kremen-IX Route Servers,Route Server,Regional,2021-02-13T05:55:54Z
205673,Lanet-kvo,Cable/DSL/ISP,Regional,2020-06-04T08:42:44Z
16044,IPORT UNITED LLC,Cable/DSL/ISP,Regional,2020-07-13T09:34:42Z
207558,EXPRES,Cable/DSL/ISP,Regional,2020-07-15T07:42:49Z
51597,FASTTELECOM LTD,(unset),Not Disclosed,2020-07-15T10:38:49Z
49183,Galichina Telekommunication,Cable/DSL/ISP,Regional,2020-08-10T14:38:35Z
60159,Euroline Ukraine,(unset),Regional,2020-09-09T14:24:12Z
213024,StarTelecom,Enterprise,Europe,2020-10-24T14:13:19Z
31069,LanCity,Cable/DSL/ISP,Regional,2020-11-02T21:42:52Z
12687,URAN Association,Educational/Research,Europe,2017-05-05T19:06:55Z
25500,Igor Sikorsky Kyiv Polytechnic Institute,Educational/Research,Europe,2020-11-18T12:33:53Z
212397,URAN Association - Kharkov,Educational/Research,Regional,2021-04-07T12:29:47Z
59577,ISP LinkCom,Cable/DSL/ISP,Europe,2020-11-20T18:06:45Z
48964,Enterra,NSP,Regional,2020-12-08T15:16:13Z
42066,"PE ""NIKA KTB""",Content,Regional,2021-01-05T09:19:10Z
57049,Kvant-II,Cable/DSL/ISP,Not Disclosed,2021-01-05T14:55:47Z
56354,IT-Invest,Cable/DSL/ISP,Regional,2021-01-13T12:08:51Z
198356,ISP NETWORK,NSP,Europe,2021-01-29T17:31:40Z
41710,MIIT,(unset),Europe,2021-02-09T12:36:17Z
41165,UNTC,Cable/DSL/ISP,Regional,2021-02-09T14:11:15Z
49720,Gigacloud,Enterprise,Europe,2021-02-10T08:39:52Z
39928,1+1 Media Group,Enterprise,Regional,2021-02-24T15:41:29Z
44800,BELNETUA,Cable/DSL/ISP,Regional,2021-03-04T13:01:45Z
202353,Todor,Enterprise,Regional,2021-03-10T06:58:40Z
2864,Aljaska.net.ua,Cable/DSL/ISP,Regional,2021-03-14T14:32:09Z
30860,Virtual Systems AS30860,(unset),Not Disclosed,2021-04-08T09:04:53Z
6698,Virtual Systems AS6698,(unset),Not Disclosed,2024-02-08T14:47:53Z
56347,Mediana,Cable/DSL/ISP,Not Disclosed,2021-04-09T20:36:24Z
16066,T.E.S.T.,Cable/DSL/ISP,Europe,2021-04-14T06:23:06Z
49561,VECHIR TELECOM,(unset),Not Disclosed,2021-04-20T06:09:24Z
56834,MATRIXNET,NSP,Regional,2021-04-22T04:41:01Z
56525,Kolomiychuk Igor Oleksandrovich,Cable/DSL/ISP,Regional,2021-04-25T18:17:24Z
15595,Skyline Telecom,Cable/DSL/ISP,Europe,2021-04-28T12:38:00Z
206621,IT-Karkas,NSP,Regional,2021-04-29T07:05:50Z
47705,Masliy Kostyantin Mikhailovich,Cable/DSL/ISP,Europe,2021-04-30T06:52:47Z
212118,SobNet,Cable/DSL/ISP,Regional,2021-04-30T13:11:50Z
59514,Darnytsia.Net,NSP,Regional,2021-05-07T09:18:18Z
57197,Shaporenko Yuri Nikolaevich,Cable/DSL/ISP,Regional,2021-05-28T08:12:43Z
211509,RUDAKI,NSP,Europe,2021-06-15T15:56:47Z
210925,BEE-IX Route Servers,Route Server,Europe,2021-12-09T08:46:21Z
210461,RUDAKI-IX Route Servers,Route Server,Europe,2022-03-10T18:30:18Z
60754,Dianet Ltd.,Cable/DSL/ISP,Not Disclosed,2021-06-22T13:55:43Z
13032,Kyiv National Taras Shevchenko University,Cable/DSL/ISP,Not Disclosed,2021-07-09T19:17:42Z
61297,Ante Mediam LLC,NSP,Europe,2021-07-28T13:37:17Z
43633,Gigabit Ukraine,Cable/DSL/ISP,Europe,2021-08-08T04:56:10Z
39810,WiCOM,NSP,Global,2021-09-10T17:17:59Z
39513,ONECOM,(unset),Not Disclosed,2021-09-28T12:09:10Z
41737,MyTeleCom,Cable/DSL/ISP,Regional,2021-10-07T08:40:33Z
25150,DCTel,(unset),Not Disclosed,2021-11-16T11:51:07Z
210490,EuroNet,Cable/DSL/ISP,Europe,2021-11-29T19:21:07Z
42331,Freehost,(unset),Regional,2021-12-02T08:52:33Z
35586,VOM,(unset),Not Disclosed,2021-12-07T14:22:39Z
30779,TRK Cable TV,Cable/DSL/ISP,Regional,2021-12-21T14:29:03Z
43576,KuMIR TELECOM,Cable/DSL/ISP,Regional,2021-12-22T08:29:46Z
39049,Kyivski Merezhi,Cable/DSL/ISP,Not Disclosed,2021-12-22T08:50:35Z
31531,TOV Point,(unset),Not Disclosed,2021-12-24T14:52:16Z
34743,NASHNET,Cable/DSL/ISP,Regional,2022-01-05T14:05:49Z
24812,NPK Home-Net,Cable/DSL/ISP,Regional,2022-01-13T17:34:41Z
34359,Link Telecom Ukraine AS34359,(unset),Not Disclosed,2022-01-25T15:12:54Z
29013,Link Telecom Ukraine AS29013,(unset),Not Disclosed,2022-01-27T10:40:43Z
34840,KMIX Route Servers,Route Server,Europe,2022-03-24T11:39:25Z
207313,UKRAINIAN INTERNET NETWORKS,(unset),Not Disclosed,2022-03-29T21:10:41Z
57455,Filanco Ukraine,Route Server,Not Disclosed,2022-04-13T12:23:01Z
12773,Meshnet,NSP,Regional,2022-04-19T14:21:22Z
8870,Overseas Technologies,(unset),Not Disclosed,2022-04-26T12:21:09Z
44411,Eksi,Cable/DSL/ISP,Regional,2022-06-11T14:22:01Z
48229,Starlight Media,Enterprise,Europe,2022-07-06T09:36:14Z
24703,United Networks of Ukraine AS24703,Cable/DSL/ISP,Europe,2017-06-16T02:13:16Z
25236,United Networks of Ukraine AS25236,Network Services,Not Disclosed,2022-08-12T11:44:05Z
51903,WEARENET,(unset),Not Disclosed,2022-08-19T11:43:32Z
49038,EUROLINE TELECOM,Cable/DSL/ISP,Regional,2022-09-25T14:40:16Z
52074,Hrush Andriy Bogdanovich,Cable/DSL/ISP,Regional,2022-11-08T13:34:47Z
208440,GmhostGrupp,(unset),Not Disclosed,2022-12-08T12:46:36Z
49747,QHost,Content,Not Disclosed,2022-12-21T15:51:16Z
12593,Ukrcom,Cable/DSL/ISP,Regional,2023-01-03T07:27:37Z
56485,TheHost,Content,Europe,2023-01-12T09:25:03Z
212604,WINET,Cable/DSL/ISP,Europe,2023-01-12T11:10:29Z
35325,INCOMPLAST SERVICE,(unset),Regional,2023-01-27T13:51:49Z
41320,Schid-Service,(unset),Regional,2023-01-27T14:49:02Z
6702,APEXNCC,Cable/DSL/ISP,Not Disclosed,2023-02-03T13:04:25Z
56835,UTELS,Cable/DSL/ISP,Europe,2023-03-01T17:37:48Z
41631,Comfo,(unset),Not Disclosed,2023-03-10T15:23:52Z
207488,"SQ Telecom, LLC",Enterprise,Not Disclosed,2023-03-16T11:22:39Z
197738,Zastava Plus,(unset),Europe,2023-03-30T04:04:24Z
51742,Netlife ISP,Cable/DSL/ISP,Europe,2023-04-03T16:09:30Z
51993,Telekompaniya Region TV,Cable/DSL/ISP,Europe,2023-04-04T06:32:25Z
29074,Faust ISP,Cable/DSL/ISP,Europe,2023-04-05T09:58:05Z
44495,Palvi Telecom,(unset),Not Disclosed,2023-04-20T09:58:04Z
51273,SkyNet-Media LLC,(unset),Not Disclosed,2023-04-20T10:10:37Z
44837,ELS Telecom,Cable/DSL/ISP,Regional,2023-05-17T13:04:12Z
213389,Podolskie opticheskie seti Ltd.,Cable/DSL/ISP,Europe,2023-05-31T20:18:30Z
43133,Cosmonova Broadcast,Content,Global,2023-07-05T12:38:07Z
29574,Vinnytsia National Technical University,Educational/Research,Not Disclosed,2023-07-23T10:16:05Z
212372,COOLNET LLC,NSP,Regional,2020-11-14T19:31:18Z
29186,LLC Rivne Telecom,Cable/DSL/ISP,Regional,2023-08-15T19:22:51Z
49883,LLC Rivne-Telecom,Cable/DSL/ISP,Regional,2024-07-09T21:55:24Z
12662,NEMIcom,Cable/DSL/ISP,Regional,2023-09-22T19:52:28Z
50576,FREEEWAY Plus,Cable/DSL/ISP,Regional,2023-10-02T12:35:37Z
51367,UA OPTOLAN,Cable/DSL/ISP,Regional,2023-10-07T21:59:31Z
56522,"ISP ""3NET""",Cable/DSL/ISP,Regional,2023-11-09T14:07:32Z
39199,RadioNet (AS39199),NSP,Regional,2023-11-29T07:39:15Z
196863,HATANET,(unset),Not Disclosed,2023-11-30T15:57:08Z
215887,baragoon networks,Non-Profit,Europe,2023-12-09T08:32:48Z
56751,Ministry of Internal Affairs of Ukraine,(unset),Not Disclosed,2023-12-15T14:52:37Z
51264,eVPS,Cable/DSL/ISP,Not Disclosed,2023-12-19T02:01:18Z
56812,CHP Zarko Alexandr Ivanovich,(unset),Not Disclosed,2024-01-02T19:52:39Z
44482,Zurbagan,Cable/DSL/ISP,Regional,2024-01-17T07:21:30Z
56716,XATNET,(unset),Not Disclosed,2024-01-19T12:27:04Z
43765,PP SKS-LUGAN,(unset),Not Disclosed,2024-01-24T06:20:24Z
20516,Sky Vision Ukraine Ltd,Cable/DSL/ISP,Europe,2024-01-25T09:00:58Z
216271,NETLABS LLC,Cable/DSL/ISP,,2024-02-06T16:05:21Z
210442,Vozhd.net.ua,Cable/DSL/ISP,Not Disclosed,2024-02-13T11:38:18Z
204619,Primonet,Cable/DSL/ISP,Europe,2024-03-19T11:01:51Z
24593,UATOP,Cable/DSL/ISP,Not Disclosed,2024-04-15T12:58:08Z
42546,UOS,Cable/DSL/ISP,Regional,2024-04-15T14:55:39Z
39848,CITYLAN,Cable/DSL/ISP,Regional,2024-04-15T14:56:21Z
206907,UAGROUP,Cable/DSL/ISP,Regional,2024-04-15T14:56:32Z
12700,"Komertsiyno Virobnitcha Firma ""VEKTOR""",(unset),Not Disclosed,2024-04-19T06:15:39Z
211199,LIPTEL - AS211199,(unset),Not Disclosed,2024-04-21T10:34:11Z
43613,LIPTEL - AS43613,(unset),Not Disclosed,2024-04-21T10:37:22Z
209002,Blackberry Capital,Cable/DSL/ISP,Europe,2024-05-06T19:18:54Z
42714,Kichkas Network Ltd.,Cable/DSL/ISP,Not Disclosed,2024-06-13T10:22:19Z
39512,NKTV,Cable/DSL/ISP,Regional,2024-06-30T19:05:22Z
20539,Technical Centre Radio Systems,Network Services,Not Disclosed,2024-07-01T12:54:33Z
44019,Spetsnet Ltd.,(unset),Not Disclosed,2024-07-04T13:21:49Z
42798,Sergey Vyacheslavovich Gliga,Cable/DSL/ISP,Regional,2024-07-30T15:17:13Z
210896,1-IX Services,(unset),Not Disclosed,2021-09-28T11:42:53Z
60812,1-IX UA Route Servers,Route Server,Europe,2023-07-25T22:23:13Z
8601,Telnet Ltd,(unset),Not Disclosed,2024-08-28T09:54:22Z
59636,TOV TELEODIN,Cable/DSL/ISP,Regional,2024-08-29T11:23:27Z
49827,IE KHOMA YURY ROMANOVICH,(unset),Not Disclosed,2024-09-11T10:07:21Z
56600,ASCYBERLAN,Cable/DSL/ISP,Europe,2024-09-12T14:38:07Z
50633,NET-CITY,(unset),Not Disclosed,2024-09-12T21:15:54Z
199697,"LLC ""IT PROSTEER""",Enterprise,Global,2024-09-17T10:52:49Z
196939,HOMENET IT,Cable/DSL/ISP,Regional,2024-09-30T07:09:19Z
196740,Teleradiocompany TeleLan,Cable/DSL/ISP,Regional,2024-10-21T12:48:29Z
42723,TRK Vektor,Cable/DSL/ISP,Not Disclosed,2024-10-31T09:43:51Z
21376,ASVEKTOR,(unset),Not Disclosed,2024-10-31T09:44:37Z
34605,Linet,(unset),Not Disclosed,2024-12-09T18:38:18Z
208038,ITTAK,Cable/DSL/ISP,Not Disclosed,2024-12-21T12:53:17Z
57285,Ukrainian Infosystems,(unset),Not Disclosed,2025-01-05T18:35:39Z
213409,Lynqia Network,NSP,Global,2025-02-15T12:40:29Z
210169,ISP-UKRLAN,Cable/DSL/ISP,Regional,2025-03-22T10:35:08Z
51672,Bank Lviv,(unset),Not Disclosed,2025-05-16T13:03:48Z
212983,METAN NET,(unset),,2020-07-17T08:28:18Z
44209,PowerNET AS44209,(unset),Not Disclosed,2025-11-05T07:24:05Z
210572,Fortezza,Cable/DSL/ISP,Regional,2025-12-16T12:35:28Z
203284,ServerDale,Content,Regional,2026-02-06T16:30:16Z
56401,MIRTELEKOM,Cable/DSL/ISP,Regional,2026-04-27T18:22:23Z
203648,TERANET,Cable/DSL/ISP,Not Disclosed,2026-05-15T08:20:28Z
